timestamp,pattern,symbol,params_json,n,true_rate,mean_ret,median_ret,verdict,git_commit
2026-06-19T09:37:56+00:00,liquidity_sweep,ALL7,"{""sweep_lookback"": 30, ""eq_tol"": 0.005, ""sweep_depth"": 0.005, ""recover_bars"": 3, ""vol_lookback"": 20, ""vol_mult"": 2.0, ""label_window"": 20, ""rise_thr"": 0.15, ""fall_thr"": -0.1}",12,0.25,,,보류(표본부족),a02a3117a56e125adc46f433686a93d4401bf525
2026-06-19T09:55:05+00:00,liquidity_sweep,ALL7,"{""period"": ""full""}",12,0.25,,,보류(표본부족),2bfd41055ad3d9df4a271f37e232cfdbb4f27f52
2026-06-19T10:02:52+00:00,engulfing,ALL7,"{""period"": ""full""}",60,0.3333,,,기각,e8a3a38c496471ecd85998e7eb8d80ff300c1243
2026-06-19T10:12:25+00:00,liquidity_sweep,ALL7,"{""period"": ""full""}",12,0.5833,0.03313,0.09921,보류(표본부족),add6576baecb89d9d51e57b6f693bc8662ec3b4f
2026-06-19T10:12:26+00:00,rsi_divergence,ALL7,"{""period"": ""full""}",378,0.3677,-0.00752,-0.02297,기각,add6576baecb89d9d51e57b6f693bc8662ec3b4f
2026-06-22T07:01:30+00:00,engulfing,ALL7@1d,"{""tf"": ""1d"", ""period"": ""full""}",60,0.5667,0.03425,0.09988,통과,b563f70fdaf53f24ad2d091046a542bd0f6783e3
2026-06-22T07:01:30+00:00,engulfing,OOS@1d@IS,"{""tf"": ""1d"", ""from"": ""2021-01-01"", ""to"": ""2023-12-31""}",35,0.6,0.03532,0.10027,통과,b563f70fdaf53f24ad2d091046a542bd0f6783e3
2026-06-22T07:01:30+00:00,engulfing,OOS@1d@OOS,"{""tf"": ""1d"", ""from"": ""2024-01-01"", ""to"": ""2026-12-31""}",25,0.52,0.03275,0.09935,통과,b563f70fdaf53f24ad2d091046a542bd0f6783e3
2026-06-22T08:05:23+00:00,engulfing,ALL7@1d,"{""tf"": ""1d"", ""period"": ""full""}",60,0.5667,0.03425,0.09988,통과,c4fac74cbef40c6d6525ae0299063ce71995431a
2026-06-22T08:05:23+00:00,engulfing,OOS@1d@IS,"{""tf"": ""1d"", ""from"": ""2021-01-01"", ""to"": ""2023-12-31""}",35,0.6,0.03532,0.10027,통과,c4fac74cbef40c6d6525ae0299063ce71995431a
2026-06-22T08:05:23+00:00,engulfing,OOS@1d@OOS,"{""tf"": ""1d"", ""from"": ""2024-01-01"", ""to"": ""2026-12-31""}",25,0.52,0.03275,0.09935,통과,c4fac74cbef40c6d6525ae0299063ce71995431a
2026-06-22T08:05:23+00:00,engulfing,BASE@1d,"{""tf"": ""1d"", ""null_mean"": 0.00364, ""p_mean"": 0.033}",60,0.0,0.03061,0.09915,유의,c4fac74cbef40c6d6525ae0299063ce71995431a
2026-06-22T08:05:24+00:00,liquidity_sweep,ALL7@1d,"{""tf"": ""1d"", ""period"": ""full""}",12,0.5833,0.03313,0.09921,보류(표본부족),c4fac74cbef40c6d6525ae0299063ce71995431a
2026-06-22T08:05:24+00:00,liquidity_sweep,ALL7@4h,"{""tf"": ""4h"", ""period"": ""full""}",230,0.1739,0.00489,0.00167,통과,c4fac74cbef40c6d6525ae0299063ce71995431a
2026-06-22T08:05:25+00:00,liquidity_sweep,OOS@4h@IS,"{""tf"": ""4h"", ""from"": ""2021-01-01"", ""to"": ""2023-12-31""}",107,0.1495,-0.00078,0.00061,기각,c4fac74cbef40c6d6525ae0299063ce71995431a
2026-06-22T08:05:25+00:00,liquidity_sweep,OOS@4h@OOS,"{""tf"": ""4h"", ""from"": ""2024-01-01"", ""to"": ""2026-12-31""}",123,0.1951,0.00981,0.00444,통과,c4fac74cbef40c6d6525ae0299063ce71995431a
2026-06-22T08:05:27+00:00,liquidity_sweep,BASE@4h,"{""tf"": ""4h"", ""null_mean"": 1e-05, ""p_mean"": 0.159}",230,0.0,0.00488,0.00372,베이스라인미초과,c4fac74cbef40c6d6525ae0299063ce71995431a
2026-06-22T08:05:32+00:00,liquidity_sweep,ALL7@1h,"{""tf"": ""1h"", ""period"": ""full""}",1463,0.0185,-0.00183,0.00051,기각,c4fac74cbef40c6d6525ae0299063ce71995431a
2026-06-22T08:05:33+00:00,rsi_divergence,ALL7@1d,"{""tf"": ""1d"", ""period"": ""full""}",378,0.3677,-0.00752,-0.02297,기각,c4fac74cbef40c6d6525ae0299063ce71995431a
2026-06-22T08:05:34+00:00,rsi_divergence,ALL7@4h,"{""tf"": ""4h"", ""period"": ""full""}",2169,0.1319,-0.00161,-0.00189,기각,c4fac74cbef40c6d6525ae0299063ce71995431a
2026-06-22T08:05:39+00:00,rsi_divergence,ALL7@1h,"{""tf"": ""1h"", ""period"": ""full""}",8502,0.0288,-0.00219,-0.0012,기각,c4fac74cbef40c6d6525ae0299063ce71995431a
2026-06-22T23:43:51+00:00,engulfing,PREC@slip,"{""slip"": 0.001, ""p_mean"": 0.033}",60,0.0,0.03325,0.09888,통과,831f677b916d0d37ebf966448b552bb9f80bf612
2026-06-22T23:43:51+00:00,engulfing,PREC@walkforward,"{""valid_windows"": 8, ""pos"": 5}",8,0.625,0.0,0.0,통과,831f677b916d0d37ebf966448b552bb9f80bf612
2026-06-22T23:43:51+00:00,engulfing,PREC@newsymbols,"{""symbols"": [""LINK"", ""DOT"", ""LTC"", ""ATOM"", ""UNI""], ""persym_pos"": 3}",30,0.0,0.0389,0.10019,통과,831f677b916d0d37ebf966448b552bb9f80bf612
2026-06-22T23:44:49+00:00,pin_bar,ALL7@1d,"{""tf"": ""1d"", ""period"": ""full""}",21,0.4286,-0.02314,-0.10217,기각,831f677b916d0d37ebf966448b552bb9f80bf612
2026-06-22T23:44:49+00:00,pin_bar,ALL7@4h,"{""tf"": ""4h"", ""period"": ""full""}",213,0.1221,-0.00368,-0.00694,기각,831f677b916d0d37ebf966448b552bb9f80bf612
2026-06-22T23:44:51+00:00,pin_bar,ALL7@1h,"{""tf"": ""1h"", ""period"": ""full""}",1106,0.0271,-0.00315,-0.00167,기각,831f677b916d0d37ebf966448b552bb9f80bf612
2026-06-22T23:44:51+00:00,nr7,ALL7@1d,"{""tf"": ""1d"", ""period"": ""full""}",2219,0.3826,0.00034,-0.0069,기각,831f677b916d0d37ebf966448b552bb9f80bf612
2026-06-22T23:44:51+00:00,nr7,ALL7@4h,"{""tf"": ""4h"", ""period"": ""full""}",13531,0.1364,-0.00136,-0.00341,기각,831f677b916d0d37ebf966448b552bb9f80bf612
2026-06-22T23:44:53+00:00,nr7,ALL7@1h,"{""tf"": ""1h"", ""period"": ""full""}",57090,0.0307,-0.00157,-0.00245,기각,831f677b916d0d37ebf966448b552bb9f80bf612
2026-06-22T23:44:53+00:00,double_bottom,ALL7@1d,"{""tf"": ""1d"", ""period"": ""full""}",465,0.4323,0.01038,0.01019,통과,831f677b916d0d37ebf966448b552bb9f80bf612
2026-06-22T23:44:53+00:00,double_bottom,OOS@1d@IS,"{""tf"": ""1d"", ""from"": ""2021-01-01"", ""to"": ""2023-12-31""}",254,0.4764,0.0187,0.04636,통과,831f677b916d0d37ebf966448b552bb9f80bf612
2026-06-22T23:44:53+00:00,double_bottom,OOS@1d@OOS,"{""tf"": ""1d"", ""from"": ""2024-01-01"", ""to"": ""2026-12-31""}",211,0.3791,0.00036,-0.00848,기각,831f677b916d0d37ebf966448b552bb9f80bf612
2026-06-22T23:44:53+00:00,double_bottom,BASE@1d,"{""tf"": ""1d"", ""null_mean"": 0.00373, ""p_mean"": 0.144}",465,0.0,0.00664,0.013,베이스라인미초과,831f677b916d0d37ebf966448b552bb9f80bf612
2026-06-22T23:44:54+00:00,double_bottom,ALL7@4h,"{""tf"": ""4h"", ""period"": ""full""}",1562,0.2215,0.00582,-0.00348,기각,831f677b916d0d37ebf966448b552bb9f80bf612
2026-06-22T23:44:55+00:00,double_bottom,ALL7@1h,"{""tf"": ""1h"", ""period"": ""full""}",1870,0.1283,0.00559,0.00156,통과,831f677b916d0d37ebf966448b552bb9f80bf612
2026-06-22T23:44:57+00:00,double_bottom,OOS@1h@IS,"{""tf"": ""1h"", ""from"": ""2021-01-01"", ""to"": ""2023-12-31""}",1382,0.1512,0.0075,0.0018,통과,831f677b916d0d37ebf966448b552bb9f80bf612
2026-06-22T23:44:58+00:00,double_bottom,OOS@1h@OOS,"{""tf"": ""1h"", ""from"": ""2024-01-01"", ""to"": ""2026-12-31""}",488,0.0635,0.00017,0.00025,기각,831f677b916d0d37ebf966448b552bb9f80bf612
2026-06-22T23:45:03+00:00,double_bottom,BASE@1h,"{""tf"": ""1h"", ""null_mean"": -0.00105, ""p_mean"": 0.0}",1870,0.0,0.00664,0.00365,유의,831f677b916d0d37ebf966448b552bb9f80bf612
2026-06-23T23:38:43+00:00,engulfing,WEAR@filters,"{""cut"": ""2025-07-01"", ""result"": ""none_restored""}",10,0.0,-0.0392,0.0,마모복원불가,814ca6b86e9ab3f0ebd64a9a9d756609a456a8bb
2026-06-23T23:43:10+00:00,bb_squeeze,ALL7@1d,"{""tf"": ""1d"", ""period"": ""full""}",29,0.3793,0.00017,0.01196,기각,814ca6b86e9ab3f0ebd64a9a9d756609a456a8bb
2026-06-23T23:43:11+00:00,bb_squeeze,ALL7@4h,"{""tf"": ""4h"", ""period"": ""full""}",162,0.1173,-0.00877,-0.01823,기각,814ca6b86e9ab3f0ebd64a9a9d756609a456a8bb
2026-06-23T23:43:14+00:00,bb_squeeze,ALL7@1h,"{""tf"": ""1h"", ""period"": ""full""}",518,0.0193,-0.0065,-0.00847,기각,814ca6b86e9ab3f0ebd64a9a9d756609a456a8bb
2026-06-23T23:43:14+00:00,fvg,ALL7@1d,"{""tf"": ""1d"", ""period"": ""full""}",534,0.485,0.02805,0.05665,통과,814ca6b86e9ab3f0ebd64a9a9d756609a456a8bb
2026-06-23T23:43:14+00:00,fvg,OOS@1d@IS,"{""tf"": ""1d"", ""from"": ""2021-01-01"", ""to"": ""2023-12-31""}",288,0.5208,0.04495,0.09873,통과,814ca6b86e9ab3f0ebd64a9a9d756609a456a8bb
2026-06-23T23:43:14+00:00,fvg,OOS@1d@OOS,"{""tf"": ""1d"", ""from"": ""2024-01-01"", ""to"": ""2026-12-31""}",246,0.4431,0.00827,0.00658,통과,814ca6b86e9ab3f0ebd64a9a9d756609a456a8bb
2026-06-23T23:43:14+00:00,fvg,BASE@1d,"{""tf"": ""1d"", ""null_mean"": 0.00376, ""p_mean"": 0.0}",534,0.0,0.02429,0.05919,유의,814ca6b86e9ab3f0ebd64a9a9d756609a456a8bb
2026-06-23T23:43:14+00:00,inverse_hs,ALL7@1d,"{""tf"": ""1d"", ""period"": ""full""}",170,0.4235,0.01582,0.02095,통과,814ca6b86e9ab3f0ebd64a9a9d756609a456a8bb
2026-06-23T23:43:15+00:00,inverse_hs,OOS@1d@IS,"{""tf"": ""1d"", ""from"": ""2021-01-01"", ""to"": ""2023-12-31""}",91,0.4615,0.0228,0.04734,통과,814ca6b86e9ab3f0ebd64a9a9d756609a456a8bb
2026-06-23T23:43:15+00:00,inverse_hs,OOS@1d@OOS,"{""tf"": ""1d"", ""from"": ""2024-01-01"", ""to"": ""2026-12-31""}",79,0.3797,0.00778,-0.00076,기각,814ca6b86e9ab3f0ebd64a9a9d756609a456a8bb
2026-06-23T23:43:15+00:00,inverse_hs,BASE@1d,"{""tf"": ""1d"", ""null_mean"": 0.00369, ""p_mean"": 0.104}",170,0.0,0.01213,0.02261,베이스라인미초과,814ca6b86e9ab3f0ebd64a9a9d756609a456a8bb
2026-06-23T23:43:15+00:00,inverse_hs,ALL7@4h,"{""tf"": ""4h"", ""period"": ""full""}",1580,0.1297,0.00171,-0.00436,기각,814ca6b86e9ab3f0ebd64a9a9d756609a456a8bb
2026-06-23T23:43:17+00:00,inverse_hs,ALL7@1h,"{""tf"": ""1h"", ""period"": ""full""}",7244,0.0348,-0.00025,-0.00307,기각,814ca6b86e9ab3f0ebd64a9a9d756609a456a8bb
2026-06-23T23:43:17+00:00,macd_divergence,ALL7@1d,"{""tf"": ""1d"", ""period"": ""full""}",353,0.4136,0.00102,0.00353,기각,814ca6b86e9ab3f0ebd64a9a9d756609a456a8bb
2026-06-23T23:43:17+00:00,macd_divergence,ALL7@4h,"{""tf"": ""4h"", ""period"": ""full""}",2112,0.1188,0.0,-0.00138,기각,814ca6b86e9ab3f0ebd64a9a9d756609a456a8bb
2026-06-23T23:43:19+00:00,macd_divergence,ALL7@1h,"{""tf"": ""1h"", ""period"": ""full""}",7968,0.0264,-0.00279,-0.00172,기각,814ca6b86e9ab3f0ebd64a9a9d756609a456a8bb
2026-06-23T23:43:19+00:00,order_block,ALL7@1d,"{""tf"": ""1d"", ""period"": ""full""}",164,0.4024,0.0115,0.00083,통과,814ca6b86e9ab3f0ebd64a9a9d756609a456a8bb
2026-06-23T23:43:19+00:00,order_block,OOS@1d@IS,"{""tf"": ""1d"", ""from"": ""2021-01-01"", ""to"": ""2023-12-31""}",87,0.5172,0.03483,0.09952,통과,814ca6b86e9ab3f0ebd64a9a9d756609a456a8bb
2026-06-23T23:43:19+00:00,order_block,OOS@1d@OOS,"{""tf"": ""1d"", ""from"": ""2024-01-01"", ""to"": ""2026-12-31""}",77,0.2727,-0.01485,-0.03104,기각,814ca6b86e9ab3f0ebd64a9a9d756609a456a8bb
2026-06-23T23:43:19+00:00,order_block,BASE@1d,"{""tf"": ""1d"", ""null_mean"": 0.0037, ""p_mean"": 0.204}",164,0.0,0.0078,0.00253,베이스라인미초과,814ca6b86e9ab3f0ebd64a9a9d756609a456a8bb
2026-06-23T23:43:20+00:00,order_block,ALL7@4h,"{""tf"": ""4h"", ""period"": ""full""}",849,0.1649,0.0036,-0.00165,기각,814ca6b86e9ab3f0ebd64a9a9d756609a456a8bb
2026-06-23T23:43:21+00:00,order_block,ALL7@1h,"{""tf"": ""1h"", ""period"": ""full""}",3173,0.047,0.001,-0.00296,기각,814ca6b86e9ab3f0ebd64a9a9d756609a456a8bb
2026-06-23T23:43:21+00:00,bos_choch,ALL7@1d,"{""tf"": ""1d"", ""period"": ""full""}",692,0.4046,0.00439,-0.00848,기각,814ca6b86e9ab3f0ebd64a9a9d756609a456a8bb
2026-06-23T23:43:21+00:00,bos_choch,ALL7@4h,"{""tf"": ""4h"", ""period"": ""full""}",4405,0.16,0.00279,-0.00324,기각,814ca6b86e9ab3f0ebd64a9a9d756609a456a8bb
2026-06-23T23:43:23+00:00,bos_choch,ALL7@1h,"{""tf"": ""1h"", ""period"": ""full""}",17940,0.0378,-0.00047,-0.00304,기각,814ca6b86e9ab3f0ebd64a9a9d756609a456a8bb
2026-06-23T23:43:23+00:00,spring_wyckoff,ALL7@1d,"{""tf"": ""1d"", ""period"": ""full""}",397,0.4282,-0.00109,0.0003,기각,814ca6b86e9ab3f0ebd64a9a9d756609a456a8bb
2026-06-23T23:43:23+00:00,spring_wyckoff,ALL7@4h,"{""tf"": ""4h"", ""period"": ""full""}",1648,0.1875,0.00156,0.00494,기각,814ca6b86e9ab3f0ebd64a9a9d756609a456a8bb
2026-06-23T23:43:25+00:00,spring_wyckoff,ALL7@1h,"{""tf"": ""1h"", ""period"": ""full""}",3147,0.0731,0.00022,0.0022,기각,814ca6b86e9ab3f0ebd64a9a9d756609a456a8bb
2026-06-23T23:45:28+00:00,fvg,PREC@slip,"{""slip"": 0.001, ""p"": 0.0}",534,0.0,0.02705,0.05565,통과,814ca6b86e9ab3f0ebd64a9a9d756609a456a8bb
2026-06-23T23:45:28+00:00,fvg,PREC@walkforward,"{""valid"": 11, ""pos"": 6}",11,0.5455,0.0,0.0,실패,814ca6b86e9ab3f0ebd64a9a9d756609a456a8bb
2026-06-23T23:45:28+00:00,fvg,PREC@newsymbols,"{""persym_pos"": 4}",357,0.0,0.01746,0.06189,통과,814ca6b86e9ab3f0ebd64a9a9d756609a456a8bb
2026-06-24T00:13:15+00:00,engulfing_short,ALL7@1d,"{""tf"": ""1d"", ""period"": ""full""}",87,0.4368,0.01076,0.04623,통과,2c04372b02d2a826c1b392f24336f44e7fef26b1
2026-06-24T00:13:15+00:00,engulfing_short,OOS@1d@IS,"{""tf"": ""1d"", ""from"": ""2021-01-01"", ""to"": ""2023-12-31""}",53,0.434,0.01629,0.03859,통과,2c04372b02d2a826c1b392f24336f44e7fef26b1
2026-06-24T00:13:15+00:00,engulfing_short,OOS@1d@OOS,"{""tf"": ""1d"", ""from"": ""2024-01-01"", ""to"": ""2026-12-31""}",34,0.4412,0.00214,0.06025,기각,2c04372b02d2a826c1b392f24336f44e7fef26b1
2026-06-24T00:13:15+00:00,engulfing_short,BASE@1d,"{""tf"": ""1d"", ""null_mean"": -0.00796, ""p_mean"": 0.094}",87,0.0,0.01872,0.05083,베이스라인미초과,2c04372b02d2a826c1b392f24336f44e7fef26b1
2026-06-24T00:13:16+00:00,engulfing_short,ALL7@4h,"{""tf"": ""4h"", ""period"": ""full""}",870,0.108,-0.00393,-0.0029,기각,2c04372b02d2a826c1b392f24336f44e7fef26b1
2026-06-24T00:13:17+00:00,engulfing_short,ALL7@1h,"{""tf"": ""1h"", ""period"": ""full""}",4162,0.0135,-0.00351,-0.00334,기각,2c04372b02d2a826c1b392f24336f44e7fef26b1
2026-06-24T00:13:17+00:00,fvg_short,ALL7@1d,"{""tf"": ""1d"", ""period"": ""full""}",426,0.3615,-0.00882,-0.01389,기각,2c04372b02d2a826c1b392f24336f44e7fef26b1
2026-06-24T00:13:18+00:00,fvg_short,ALL7@4h,"{""tf"": ""4h"", ""period"": ""full""}",2755,0.171,-0.00148,-0.00321,기각,2c04372b02d2a826c1b392f24336f44e7fef26b1
2026-06-24T00:13:19+00:00,fvg_short,ALL7@1h,"{""tf"": ""1h"", ""period"": ""full""}",12203,0.0432,-0.00161,-0.00268,기각,2c04372b02d2a826c1b392f24336f44e7fef26b1
2026-06-24T00:13:19+00:00,inverse_hs_short,ALL7@1d,"{""tf"": ""1d"", ""period"": ""full""}",199,0.3467,-0.0144,-0.03033,기각,2c04372b02d2a826c1b392f24336f44e7fef26b1
2026-06-24T00:13:19+00:00,inverse_hs_short,ALL7@4h,"{""tf"": ""4h"", ""period"": ""full""}",1644,0.135,-0.0012,-0.00281,기각,2c04372b02d2a826c1b392f24336f44e7fef26b1
2026-06-24T00:13:21+00:00,inverse_hs_short,ALL7@1h,"{""tf"": ""1h"", ""period"": ""full""}",7208,0.0252,-0.00291,-0.00347,기각,2c04372b02d2a826c1b392f24336f44e7fef26b1
2026-06-24T00:13:21+00:00,order_block_short,ALL7@1d,"{""tf"": ""1d"", ""period"": ""full""}",86,0.4535,-0.00202,-0.01009,기각,2c04372b02d2a826c1b392f24336f44e7fef26b1
2026-06-24T00:13:21+00:00,order_block_short,ALL7@4h,"{""tf"": ""4h"", ""period"": ""full""}",741,0.1444,-0.0068,-0.0087,기각,2c04372b02d2a826c1b392f24336f44e7fef26b1
2026-06-24T00:13:23+00:00,order_block_short,ALL7@1h,"{""tf"": ""1h"", ""period"": ""full""}",2566,0.0366,-0.00376,-0.00532,기각,2c04372b02d2a826c1b392f24336f44e7fef26b1
2026-06-24T00:30:28+00:00,engulfing,EXIT@A,"{""method"": ""A"", ""maxloss"": -0.17503267372296372, ""avghold"": 10.116666666666667}",60,0.0,0.03425,0.09988,비교용,74f78470468bef244183deb78f8a9e6f451cc2d9
2026-06-24T00:30:28+00:00,engulfing,EXIT@D,"{""method"": ""D"", ""maxloss"": -0.082, ""avghold"": 10.983333333333333}",60,0.0,0.06772,-0.0298,비교용,74f78470468bef244183deb78f8a9e6f451cc2d9
2026-06-24T00:30:28+00:00,fvg,EXIT@A,"{""method"": ""A"", ""maxloss"": -0.2524898297210496, ""avghold"": 8.94943820224719}",534,0.0,0.02805,0.05665,비교용,74f78470468bef244183deb78f8a9e6f451cc2d9
2026-06-24T00:30:28+00:00,fvg,EXIT@D,"{""method"": ""D"", ""maxloss"": -0.082, ""avghold"": 8.260299625468164}",534,0.0,0.05937,-0.04189,비교용,74f78470468bef244183deb78f8a9e6f451cc2d9
2026-06-24T00:30:28+00:00,engulfing_short,EXIT@A,"{""method"": ""A"", ""maxloss"": -0.2861191066997517, ""avghold"": 10.172413793103448}",87,0.0,0.01076,0.04623,비교용,74f78470468bef244183deb78f8a9e6f451cc2d9
2026-06-24T00:30:28+00:00,engulfing_short,EXIT@D,"{""method"": ""D"", ""maxloss"": -0.082, ""avghold"": 9.126436781609195}",87,0.0,0.00869,-0.021,비교용,74f78470468bef244183deb78f8a9e6f451cc2d9
2026-06-24T00:30:28+00:00,fvg_short,EXIT@A,"{""method"": ""A"", ""maxloss"": -0.6632997658079625, ""avghold"": 9.640845070422536}",426,0.0,-0.00882,-0.01389,비교용,74f78470468bef244183deb78f8a9e6f451cc2d9
2026-06-24T00:30:28+00:00,fvg_short,EXIT@D,"{""method"": ""D"", ""maxloss"": -0.082, ""avghold"": 11.772300469483568}",426,0.0,0.00012,-0.082,비교용,74f78470468bef244183deb78f8a9e6f451cc2d9
2026-06-24T01:00:49+00:00,engulfing,TF@1d,"{""tf"": ""1d""}",90,0.0,0.0358,0.09988,검증통과,568e771d8f59d7808d0acdf0c366095a33849bdc
2026-06-24T01:00:53+00:00,engulfing,TF@4h,"{""tf"": ""4h""}",1103,0.0,0.00747,0.00439,게이트후탈락,568e771d8f59d7808d0acdf0c366095a33849bdc
2026-06-24T01:00:55+00:00,engulfing,TF@1h,"{""tf"": ""1h""}",5801,0.0,-0.00226,-0.00294,기각,568e771d8f59d7808d0acdf0c366095a33849bdc
2026-06-24T01:01:05+00:00,engulfing,TF@15m,"{""tf"": ""15m""}",26616,0.0,-0.00206,-0.0025,기각,568e771d8f59d7808d0acdf0c366095a33849bdc
2026-06-24T01:01:06+00:00,fvg,TF@1d,"{""tf"": ""1d""}",891,0.0,0.02363,0.06189,검증통과,568e771d8f59d7808d0acdf0c366095a33849bdc
2026-06-24T01:01:06+00:00,fvg,TF@4h,"{""tf"": ""4h""}",5092,0.0,0.00567,7e-05,기각,568e771d8f59d7808d0acdf0c366095a33849bdc
2026-06-24T01:01:09+00:00,fvg,TF@1h,"{""tf"": ""1h""}",20348,0.0,0.00107,-0.002,기각,568e771d8f59d7808d0acdf0c366095a33849bdc
2026-06-24T01:01:18+00:00,fvg,TF@15m,"{""tf"": ""15m""}",82511,0.0,-0.00137,-0.00274,기각,568e771d8f59d7808d0acdf0c366095a33849bdc
2026-06-24T01:01:19+00:00,engulfing_short,TF@1d,"{""tf"": ""1d""}",147,0.0,0.00895,0.0537,게이트후탈락,568e771d8f59d7808d0acdf0c366095a33849bdc
2026-06-24T01:01:19+00:00,engulfing_short,TF@4h,"{""tf"": ""4h""}",1445,0.0,-0.00186,-0.00083,기각,568e771d8f59d7808d0acdf0c366095a33849bdc
2026-06-24T01:01:22+00:00,engulfing_short,TF@1h,"{""tf"": ""1h""}",6962,0.0,-0.00352,-0.00344,기각,568e771d8f59d7808d0acdf0c366095a33849bdc
2026-06-24T01:01:31+00:00,engulfing_short,TF@15m,"{""tf"": ""15m""}",28971,0.0,-0.00239,-0.00245,기각,568e771d8f59d7808d0acdf0c366095a33849bdc
2026-06-24T01:01:31+00:00,fvg_short,TF@1d,"{""tf"": ""1d""}",705,0.0,-0.01258,-0.03316,기각,568e771d8f59d7808d0acdf0c366095a33849bdc
2026-06-24T01:01:32+00:00,fvg_short,TF@4h,"{""tf"": ""4h""}",4561,0.0,-0.00117,-0.002,기각,568e771d8f59d7808d0acdf0c366095a33849bdc
2026-06-24T01:01:34+00:00,fvg_short,TF@1h,"{""tf"": ""1h""}",20485,0.0,-0.00191,-0.00275,기각,568e771d8f59d7808d0acdf0c366095a33849bdc
2026-06-24T01:01:43+00:00,fvg_short,TF@15m,"{""tf"": ""15m""}",84147,0.0,-0.00278,-0.00308,기각,568e771d8f59d7808d0acdf0c366095a33849bdc
2026-06-24T05:29:31+00:00,inverted_hammer,CANDLE@1d,"{""dir"": ""long""}",641,0.0,0.01782,0.01266,검증통과,827f5a7d1e0badf54f194ac89d345d276803df43
2026-06-24T05:29:31+00:00,hammer,CANDLE@1d,"{""dir"": ""long""}",699,0.0,-0.00844,-0.02072,기각,827f5a7d1e0badf54f194ac89d345d276803df43
2026-06-24T05:29:31+00:00,piercing_line,CANDLE@1d,"{""dir"": ""long""}",1624,0.0,-0.00022,-0.01404,기각,827f5a7d1e0badf54f194ac89d345d276803df43
2026-06-24T05:29:32+00:00,dark_cloud_cover,CANDLE@1d,"{""dir"": ""short""}",1785,0.0,-4e-05,0.01336,기각,827f5a7d1e0badf54f194ac89d345d276803df43
2026-06-24T05:29:32+00:00,morning_star,CANDLE@1d,"{""dir"": ""long""}",1191,0.0,-0.00238,-0.02269,기각,827f5a7d1e0badf54f194ac89d345d276803df43
2026-06-24T05:29:32+00:00,evening_star,CANDLE@1d,"{""dir"": ""short""}",1228,0.0,-0.0053,-0.00192,기각,827f5a7d1e0badf54f194ac89d345d276803df43
2026-06-24T05:29:33+00:00,marubozu,CANDLE@1d,"{""dir"": ""long""}",90,0.0,0.03198,0.01824,검증통과,827f5a7d1e0badf54f194ac89d345d276803df43
2026-06-24T05:29:34+00:00,marubozu_short,CANDLE@1d,"{""dir"": ""short""}",65,0.0,-0.04098,-0.07414,기각,827f5a7d1e0badf54f194ac89d345d276803df43
2026-06-24T05:46:46+00:00,inverted_hammer,PRECISION@1d,"{""slip_ok"": true, ""wf_ok"": false}",641,0.0,0.01682,0.01166,passed,70304563c62efda014c2c541abf8c6b496db2fd1
2026-06-24T05:46:47+00:00,marubozu,PRECISION@1d,"{""slip_ok"": true, ""wf_ok"": false}",90,0.0,0.03098,0.01724,passed,70304563c62efda014c2c541abf8c6b496db2fd1
2026-06-29T01:21:43+00:00,gartley,ALL7@1d,"{""tf"": ""1d"", ""period"": ""full""}",13,0.6923,0.06685,0.11904,보류(표본부족),74f7b62541417eb7123adee52e91863b9c9ec1cb
2026-06-29T01:21:45+00:00,gartley,ALL7@4h,"{""tf"": ""4h"", ""period"": ""full""}",56,0.2679,0.02838,0.01036,통과,74f7b62541417eb7123adee52e91863b9c9ec1cb
2026-06-29T01:21:51+00:00,gartley,OOS@4h@IS,"{""tf"": ""4h"", ""from"": ""2021-01-01"", ""to"": ""2023-12-31""}",31,0.2258,0.02919,0.01036,통과,74f7b62541417eb7123adee52e91863b9c9ec1cb
2026-06-29T01:21:57+00:00,gartley,OOS@4h@OOS,"{""tf"": ""4h"", ""from"": ""2024-01-01"", ""to"": ""2026-12-31""}",25,0.32,0.02738,0.01776,통과,74f7b62541417eb7123adee52e91863b9c9ec1cb
2026-06-29T01:23:31+00:00,gartley,ALL7@1d,"{""tf"": ""1d"", ""period"": ""full""}",13,0.6923,0.06685,0.11904,보류(표본부족),74f7b62541417eb7123adee52e91863b9c9ec1cb
2026-06-29T01:23:33+00:00,gartley,ALL7@4h,"{""tf"": ""4h"", ""period"": ""full""}",56,0.2679,0.02838,0.01036,통과,74f7b62541417eb7123adee52e91863b9c9ec1cb
2026-06-29T01:23:37+00:00,gartley,OOS@4h@IS,"{""tf"": ""4h"", ""from"": ""2021-01-01"", ""to"": ""2023-12-31""}",31,0.2258,0.02919,0.01036,통과,74f7b62541417eb7123adee52e91863b9c9ec1cb
2026-06-29T01:23:43+00:00,gartley,OOS@4h@OOS,"{""tf"": ""4h"", ""from"": ""2024-01-01"", ""to"": ""2026-12-31""}",25,0.32,0.02738,0.01776,통과,74f7b62541417eb7123adee52e91863b9c9ec1cb
2026-06-29T01:23:57+00:00,gartley,BASE@4h,"{""tf"": ""4h"", ""null_mean"": -0.00183, ""p_mean"": 0.008}",56,0.0,0.03021,0.01511,유의,74f7b62541417eb7123adee52e91863b9c9ec1cb
2026-06-29T01:23:59+00:00,bat,ALL7@1d,"{""tf"": ""1d"", ""period"": ""full""}",12,0.6667,0.03957,0.10689,보류(표본부족),74f7b62541417eb7123adee52e91863b9c9ec1cb
2026-06-29T01:24:04+00:00,bat,ALL7@4h,"{""tf"": ""4h"", ""period"": ""full""}",57,0.3509,0.04216,0.0529,통과,74f7b62541417eb7123adee52e91863b9c9ec1cb
2026-06-29T01:24:11+00:00,bat,OOS@4h@IS,"{""tf"": ""4h"", ""from"": ""2021-01-01"", ""to"": ""2023-12-31""}",24,0.5833,0.07376,0.10091,통과,74f7b62541417eb7123adee52e91863b9c9ec1cb
2026-06-29T01:24:18+00:00,bat,OOS@4h@OOS,"{""tf"": ""4h"", ""from"": ""2024-01-01"", ""to"": ""2026-12-31""}",33,0.1818,0.01918,0.02417,통과,74f7b62541417eb7123adee52e91863b9c9ec1cb
2026-06-29T01:24:32+00:00,bat,BASE@4h,"{""tf"": ""4h"", ""null_mean"": -0.00184, ""p_mean"": 0.0}",57,0.0,0.04401,0.05772,유의,74f7b62541417eb7123adee52e91863b9c9ec1cb
2026-06-29T01:24:34+00:00,butterfly,ALL7@1d,"{""tf"": ""1d"", ""period"": ""full""}",14,0.5714,0.03855,0.10146,보류(표본부족),74f7b62541417eb7123adee52e91863b9c9ec1cb
2026-06-29T01:24:40+00:00,butterfly,ALL7@4h,"{""tf"": ""4h"", ""period"": ""full""}",42,0.2857,0.03058,0.03045,통과,74f7b62541417eb7123adee52e91863b9c9ec1cb
2026-06-29T01:24:46+00:00,butterfly,OOS@4h@IS,"{""tf"": ""4h"", ""from"": ""2021-01-01"", ""to"": ""2023-12-31""}",21,0.2381,0.03117,0.03921,통과,74f7b62541417eb7123adee52e91863b9c9ec1cb
2026-06-29T01:24:52+00:00,butterfly,OOS@4h@OOS,"{""tf"": ""4h"", ""from"": ""2024-01-01"", ""to"": ""2026-12-31""}",21,0.3333,0.02999,0.02979,통과,74f7b62541417eb7123adee52e91863b9c9ec1cb
2026-06-29T01:25:06+00:00,butterfly,BASE@4h,"{""tf"": ""4h"", ""null_mean"": -0.00162, ""p_mean"": 0.007}",42,0.0,0.0322,0.03509,유의,74f7b62541417eb7123adee52e91863b9c9ec1cb
2026-06-29T01:25:09+00:00,crab,ALL7@1d,"{""tf"": ""1d"", ""period"": ""full""}",1,1.0,0.10767,0.10767,보류(표본부족),74f7b62541417eb7123adee52e91863b9c9ec1cb
2026-06-29T01:25:15+00:00,crab,ALL7@4h,"{""tf"": ""4h"", ""period"": ""full""}",11,0.3636,0.05299,0.05328,보류(표본부족),74f7b62541417eb7123adee52e91863b9c9ec1cb
2026-06-29T01:29:21+00:00,crab,ALL7@1h,"{""tf"": ""1h"", ""period"": ""full""}",40,0.025,0.00425,0.00596,기각,74f7b62541417eb7123adee52e91863b9c9ec1cb
2026-06-29T01:29:23+00:00,shark,ALL7@1d,"{""tf"": ""1d"", ""period"": ""full""}",0,0.0,0.0,0.0,보류(표본부족),74f7b62541417eb7123adee52e91863b9c9ec1cb
2026-06-29T01:29:30+00:00,shark,ALL7@4h,"{""tf"": ""4h"", ""period"": ""full""}",11,0.1818,0.00924,0.01921,보류(표본부족),74f7b62541417eb7123adee52e91863b9c9ec1cb
2026-06-29T01:29:55+00:00,shark,ALL7@1h,"{""tf"": ""1h"", ""period"": ""full""}",50,0.02,0.00645,0.00264,기각,74f7b62541417eb7123adee52e91863b9c9ec1cb
2026-06-29T01:29:57+00:00,cypher,ALL7@1d,"{""tf"": ""1d"", ""period"": ""full""}",0,0.0,0.0,0.0,보류(표본부족),74f7b62541417eb7123adee52e91863b9c9ec1cb
2026-06-29T01:30:04+00:00,cypher,ALL7@4h,"{""tf"": ""4h"", ""period"": ""full""}",23,0.1304,-0.00623,-0.01813,기각,74f7b62541417eb7123adee52e91863b9c9ec1cb
2026-06-29T01:30:30+00:00,cypher,ALL7@1h,"{""tf"": ""1h"", ""period"": ""full""}",119,0.042,0.00407,0.00064,기각,74f7b62541417eb7123adee52e91863b9c9ec1cb
2026-06-29,three_soldiers_4h,4h,long,908,1.04,0.97,p<0.0001,3,PASSED,"bull 레짐 롱 전용, Q4 bear 음수"
2026-06-29,three_crows_4h,4h,short,573,-1.19,-0.37,na,0,REJECTED,short 방향 mean<0 (-1.19%)
2026-06-29,breakout_retest_4h,4h,long,25729,0.37,-0.23,na,0,REJECTED,median<0 (-0.23%) 게이트 탈락
2026-06-29,equal_highs_4h,4h,short,6962,-0.26,-0.25,na,0,REJECTED,mean<0
2026-06-29,equal_lows_4h,4h,long,6618,-0.48,-0.26,na,0,REJECTED,mean<0
2026-06-29,vwap_rev_long_4h,4h,long,31005,-0.25,-0.67,na,0,REJECTED,mean<0
2026-06-29,vwap_rev_short_4h,4h,short,28537,-0.06,0.25,na,0,REJECTED,mean<0 (방향 조정 필요)
2026-06-29,three_crows_4h_bear_alt,4h,short,169,-0.2,0.18,p=0.7806(boot_p=0.601),1,REJECTED,"mean<0 전체, bear전용(n=129,mean=+0.36%) 유의성없음(boot_p=0.436), altseason 더 나쁨"
2026-06-29,three_soldiers_1h,1h,long,2107,0.28,0.02,p=0.012(boot=0.270),3,REJECTED,boot_p 유의성없음
2026-06-29,three_crows_1h,1h,short,1623,0.38,-0.04,p=0.005(boot=0.247),3,REJECTED,"median<0, boot_p 유의성없음"
2026-06-29,engulfing_1h,1h,long,16791,-0.23,-0.33,p=0.000(boot=0.525),0,REJECTED,"mean<0, OOS 0/4"
2026-06-29,inverted_hammer_1h,1h,long,34061,-0.08,-0.2,p=0.003(boot=0.444),0,REJECTED,"mean<0, OOS 0/4"
2026-06-29,fvg_long_1h,1h,long,56977,0.06,-0.3,p=0.008(boot=0.372),3,REJECTED,"median<0, boot_p 유의성없음"
2026-06-29,fvg_short_1h,1h,short,56977,-0.46,-0.1,p=0.000(boot=0.628),0,REJECTED,"mean<0, OOS 0/4"
2026-06-29,gartley_1h,1h,long,290,0.91,0.3,p=0.000(boot=0.092),4,REJECTED,boot_p=0.092>0.05 경계탈락
2026-06-29,bat_1h,1h,long,108,1.46,0.99,p=0.001(boot=0.034),4,PASSED,"OOS 4/4 완전통과, 레짐무관"
2026-06-29,butterfly_1h,1h,long,161,1.59,1.17,p=0.000(boot=0.024),4,PASSED,"OOS 4/4 완전통과, 레짐무관"
2026-06-29,vwap_rev_long_1h,1h,long,41793,-0.09,-0.2,p=0.000(boot=0.453),1,REJECTED,"mean<0, OOS 1/4"
2026-06-29,vwap_rev_short_1h,1h,short,38984,-0.19,-0.1,p=0.000(boot=0.485),1,REJECTED,"mean<0, OOS 1/4"
2026-06-29,breakout_retest_1h,1h,long,51316,-0.05,-0.34,p=0.013(boot=0.434),3,REJECTED,"median<0, boot_p 유의성없음"
2026-07-03,method_e_chandelier,1d,all,1290,-0.58,-2.93,calmar=-0.008(D=0.662),0/3,REJECTED,"vs D 3축 전패(전 패턴), 고정SL 부재로 MDD -71.5%"
2026-07-03,method_f_scaleout,1d,all,1290,1.13,3.8,calmar=0.138(D=0.662),0/3,REJECTED,"vs D pooled 0/3 (fvg_short만 2/3), 기대값·Calmar 열세"
2026-07-03,bb_zscore_1h,1h,long,14699,-0.16,-0.2,p=0.000(boot=0.460),0/4,REJECTED,"mean<=0, median<=0, boot_p=0.460, OOS 0/4<2"
2026-07-03,bb_zscore_short_1h,1h,short,10217,-0.05,-0.01,p=0.227(boot=0.424),2/4,REJECTED,"mean<=0, median<=0, boot_p=0.424"
2026-07-03,rsi_extreme_1h,1h,long,4281,-0.25,-0.06,p=0.000(boot=0.518),2/4,REJECTED,"mean<=0, median<=0, boot_p=0.518"
2026-07-03,rsi_extreme_short_1h,1h,short,3316,-0.38,0.02,p=0.000(boot=0.602),0/4,REJECTED,"mean<=0, boot_p=0.602, OOS 0/4<2"
2026-07-06,method_g_score,1d,all,1290,5.39,-8.2,calmar=0.657(D=0.662),0/3,REJECTED,"vs D pooled 0/3 — 단 inverted_hammer 2/3 우위(+8.32% vs +4.04%, Calmar 1.015 vs 0.492)"
2026-07-06,method_h_hhfail,1d,all,1290,1.17,-1.84,calmar=0.143(D=0.662),0/3,REJECTED,"3봉 실패 조기청산이 러너 절단(평균보유 4.6봉), 전 패턴 0/3"
2026-07-06,engulfing@univ71,1d,long,433,0.5,0.2,p=0.446(boot=0.349),2/4,REJECTED,boot_p=0.349
2026-07-06,engulfing_short@univ71,1d,short,612,0.12,5.36,p=0.837(boot=0.502),1/4,REJECTED,"boot_p=0.502, OOS 1/4"
2026-07-06,fvg@univ71,1d,long,4570,1.75,1.92,p=0.000(boot=0.201),3/4,REJECTED,boot_p=0.201
2026-07-06,fvg_short@univ71,1d,short,3104,-1.25,-4.84,p=0.000(boot=0.715),1/4,REJECTED,"mean<=0, median<=0, boot_p=0.715, OOS 1/4"
2026-07-06,inverted_hammer@univ71,1d,long,1795,0.37,-2.41,p=0.282(boot=0.372),2/4,REJECTED,"median<=0, boot_p=0.372"
2026-07-06,marubozu@univ71,1d,long,259,0.59,-2.7,p=0.536(boot=0.332),2/4,REJECTED,"median<=0, boot_p=0.332"
2026-07-06,tier_split@univ71,1d,all,-,-,-,-,-,NOTE,"메이저 엣지 유지(eng +4.08%/fvg +2.53%/ih +1.73%/mrb +2.02%) vs 알트 소멸(eng +0.04%/ih +0.27%/mrb +0.42%, median 전부 음수). fvg만 알트 +1.67% 생존"
2026-07-06,cohort_boundary@univ71,1d,all,-,-,-,-,-,NOTE,"거래대금 코호트 분석: engulfing top20 유지(+2.65%/med+9.94%/wr59%), fvg top30 질우위(+2.36%/med+6.53%), ih top7 밖 급감(+2.44%→+1.40%), marubozu 불안정(n37~88). 적용: engulfing=top20, fvg=top30, ih/mrb=majors"
2026-07-07,pit_volume_rank@univ71,1d,all,-,-,-,-,-,NOTE,Point-in-time(신호시점 30일 거래대금 랭킹) 검증: engulfing PIT-top20 +2.62%/med+9.94%/wr58% vs 밖 -0.50%/med-6.08%/wr46%. fvg PIT-top30 +2.20%/med+3.67% vs 밖 +1.29%/med+0.23%. look-ahead 없이 경계 유효 확인
2026-07-07,mcap_vs_volume@univ71,1d,all,-,-,-,-,-,NOTE,"시총 top20이 표면상 우위(engulfing +4.93%)였으나 현재시총 랭킹=생존편향 오염 + 25/71종목 시총 데이터 누락 + 시총은 PIT 랭킹 불가(유통량 히스토리 없음) → 거래대금 채택이 방법론적으로 타당, PIT 검증 통과"
2026-07-08,rs_filter_long,1d,long,690,11.32,-8.2,Calmar 1.380 vs 0.803(불리),-,ADOPTED,"RS>0.2 롱 필터 채택: +7.15% vs +3.08% (p=0.060). weak_rs 사이징 ×0.5, 앙상블 보조정렬"
2026-07-08,rs_filter_short,1d,short,433,-0.36,-8.2,Calmar -0.044 vs 0.020,-,REJECTED,"숏은 RS 무상관(유리군이 오히려 열세) — 필터 미적용, 관측만"
2026-07-08,capture_asymmetry,1d,long,690,7.87,-8.2,cap>0 +7.87%/Calmar0.96 vs cap<0 +11.47%/1.40; rs>0.2내부 cap>0 +9.99% vs cap<0 +18.60%,-,REJECTED,"상승/하락 비대칭 포착 — 반전패턴 눌림목매수엔 역효과(bleeder가 더 과매도→반등큼). 진단표시만, 필터 미채택"
2026-07-08,regime_market_cap,1d,long,752,13.12,-8.2,bleed국면 승률59%/+13.1% vs complacent 26%/+3.6%; 분위 승률 59→46→38→29→26 단조; OOS 3/4,-,ADOPTED,시장 집계 cap 레짐지표 채택 — complacent(avg_cap>0) 신규 롱 ×0.6 축소만(보수적). 레짐정의 불변
2026-07-08,regime_ext_short,1d,short,511,-0.48,-8.2,"complacent숏 -0.48% vs bleed숏 +0.69%, 분위 비단조",-,REJECTED,숏 대칭성 없음 — 비대칭은 롱 반등 전용
2026-07-08,regime_ext_slope,1d,long,752,17.95,-8.2,2x2: bleed+falling +17.95%/wr56 vs complacent+rising +2.50%/wr27,-,NOT_APPLIED,기울기 엣지 유효하나 활용엔 공포upsize 필요(정책상 배제). 트림-only에선 무변화 → 미적용(과적합 방어)
2026-07-08,conviction_scoring,1d,long,668,10.11,-8.2,사이즈가중: 동일 8.87% < 곱셈 9.91% < 종합 10.11%; 종합 OOS 4/4 >= 곱셈; rs corr -0.12(약) cap +0.24(강),-,NOTE,종합점수 marginal 우위(+0.2%p)·더 원리적이나 라이브 교체 근거 약함. rs 약함(레짐교란 의심) 재점검 가치. 코드 미변경
